rho, E[N], P_IDLE
0.25,0.08607084451359891,0.750726386485242
0.35,0.19067525584795322,0.6475123355263158
0.45,0.3591089100059895,0.555027131401804
0.55,0.6679270950660445,0.45007533314804793
0.65,1.2062915051719456,0.3517540178240798
0.75,2.193839130481158,0.24848804838245175
0.85,4.817904945098982,0.14669344535121093
0.95,16.492134784164335,0.05038621008987014
