rho, Simulated E[N], Theoretical E[N], Simulated P_IDLE, Theoretical P_IDLE
0.25,0.08345426999441831,0.08333333333333333, 0.7507854238099035, 0.75
0.35,0.18365902657291572,0.18846153846153843, 0.656024563966761, 0.65
0.45,0.36025625143787493,0.36818181818181817, 0.5513122268037588, 0.55
0.55,0.6961795335789711,0.6722222222222224, 0.4508252120260754, 0.44999999999999996
0.65,1.2005045067216291,1.2071428571428573, 0.349340142123235, 0.35
0.75,2.4536885640088486,2.25, 0.24179517595887703, 0.25
0.85,4.434856263802639,4.8166666666666655, 0.15595330225183562, 0.15000000000000002
0.95,16.543438350672098,18.049999999999983, 0.04999894490282555, 0.050000000000000044
